<?xml version="1.0" encoding="UTF-8"?>
<workflow-app xmlns="uri:oozie:workflow:0.2" name="non-optimizing-workflow">
	<start to="Sqoop_job_branch_import"/>

	<action name="Sqoop_job_branch_import">
		<sqoop xmlns="uri:oozie:sqoop-action:0.2">
			<job-tracker>${jobTracker}</job-tracker>
			<name-node>${nameNode}</name-node>
			<configuration>
				<property>
					<name>mapred.job.queue.name</name>
					<value>${queueName}</value>
				</property>
			</configuration>
	<arg>job</arg>
	<arg>--meta-connect</arg>
	<arg>jdbc:hsqldb:hsql://localhost:16000/sqoop</arg>
	<arg>--exec</arg>
	<arg>branchImport</arg>
	<archive>/user/oozie/share/lib/lib_20161025075203/sqoop/java-json.jar#java-json.jar</archive>
		</sqoop>	
		<ok to="Sqoop_job_creditcard_import"/>
		<error to="fail_BranchJob"/>
	</action>
	<kill name="fail_BranchJob">
		<message> Workflow failed, branchImport Job did not work </message>
	</kill>


	<action name="Sqoop_job_creditcard_import">
		<sqoop xmlns="uri:oozie:sqoop-action:0.2">
			<job-tracker>${jobTracker}</job-tracker>
			<name-node>${nameNode}</name-node>
			<configuration>
				<property>
					<name>mapred.job.queue.name</name>
					<value>${queueName}</value>
				</property>
			</configuration>
	<arg>job</arg>
	<arg>--meta-connect</arg>
	<arg>jdbc:hsqldb:hsql://localhost:16000/sqoop</arg>
	<arg>--exec</arg>
	<arg>creditcardImport</arg>
	<archive>/user/oozie/share/lib/lib_20161025075203/sqoop/java-json.jar#java-json.jar</archive>
		</sqoop>	
		<ok to="Sqoop_job_timet_import"/>
		<error to="fail_CreditCardJob"/>
	</action>
	<kill name="fail_CreditCardJob">
		<message> Workflow failed, creditcardImport Job did not work </message>
	</kill>


	<action name="Sqoop_job_timet_import">
		<sqoop xmlns="uri:oozie:sqoop-action:0.2">
			<job-tracker>${jobTracker}</job-tracker>
			<name-node>${nameNode}</name-node>
			<configuration>
				<property>
					<name>mapred.job.queue.name</name>
					<value>${queueName}</value>
				</property>
			</configuration>
	<arg>job</arg>
	<arg>--meta-connect</arg>
	<arg>jdbc:hsqldb:hsql://localhost:16000/sqoop</arg>
	<arg>--exec</arg>
	<arg>tdImport</arg>
	<archive>/user/oozie/share/lib/lib_20161025075203/sqoop/java-json.jar#java-json.jar</archive>
		</sqoop>	
		<ok to="Sqoop_job_customer_import"/>
		<error to="fail_TimetJob"/>
	</action>
	<kill name="fail_TimetJob">
		<message> Workflow failed, tdImport Job did not work </message>
	</kill>


	<action name="Sqoop_job_customer_import">
		<sqoop xmlns="uri:oozie:sqoop-action:0.2">
			<job-tracker>${jobTracker}</job-tracker>
			<name-node>${nameNode}</name-node>
			<configuration>
				<property>
					<name>mapred.job.queue.name</name>
					<value>${queueName}</value>
				</property>
			</configuration>
	<arg>job</arg>
	<arg>--meta-connect</arg>
	<arg>jdbc:hsqldb:hsql://localhost:16000/sqoop</arg>
	<arg>--exec</arg>
	<arg>customerImport</arg>
	<archive>/user/oozie/share/lib/lib_20161025075203/sqoop/java-json.jar#java-json.jar</archive>
		</sqoop>	
		<ok to="Insert_into_branch"/>
		<error to="fail_CustomerJob"/>
	</action>
	<kill name="fail_CustomerJob">
		<message> Workflow failed, customerImport Job did not work </message>
	</kill>


	<action name = "Insert_into_branch">   
	    <hive xmlns = "uri:oozie:hive-action:0.2">
	        <job-tracker>${jobTracker}</job-tracker>
	        <name-node>${nameNode}</name-node>
	        <configuration>
				<property>
					<name>mapred.job.queue.name</name>
					<value>${queueName}</value>
				</property>
			</configuration>
	        <script>${nameNode}/user/maria_dev/FinalCaseFolderForFiles/branchInsert.hql</script>   
	    </hive> 
	    <ok to = "Insert_into_credit_card" />
	    <error to = "kill_insert_branch" />  
	</action>
    <kill name = "kill_insert_branch">
        <message> Insert into branch table failed </message>
    </kill>

    <action name = "Insert_into_credit_card">   
	    <hive xmlns = "uri:oozie:hive-action:0.2">
	        <job-tracker>${jobTracker}</job-tracker>
	        <name-node>${nameNode}</name-node>
	        <configuration>
				<property>
					<name>mapred.job.queue.name</name>
					<value>${queueName}</value>
				</property>
			</configuration>
	        <script>${nameNode}/user/maria_dev/FinalCaseFolderForFiles/creditcardImport.hql</script>   
	    </hive> 
	    <ok to = "Insert_into_timet" />
	    <error to = "kill_insert_creditCard" />  
	</action>
    <kill name = "kill_insert_creditCard">
        <message> Insert into credit card table failed </message>
    </kill>

    <action name = "Insert_into_timet">   
	    <hive xmlns = "uri:oozie:hive-action:0.2">
	        <job-tracker>${jobTracker}</job-tracker>
	        <name-node>${nameNode}</name-node>
	        <configuration>
				<property>
					<name>mapred.job.queue.name</name>
					<value>${queueName}</value>
				</property>
			</configuration>
	        <script>${nameNode}/user/maria_dev/FinalCaseFolderForFiles/timet.hql</script>   
	    </hive> 
	    <ok to = "Insert_into_customer" />
	    <error to = "kill_insert_time" />  
	</action>
    <kill name = "kill_insert_time">
        <message> Insert into timet table failed </message>
    </kill>

    <action name = "Insert_into_customer">   
	    <hive xmlns = "uri:oozie:hive-action:0.2">
	        <job-tracker>${jobTracker}</job-tracker>
	        <name-node>${nameNode}</name-node>
	        <configuration>
				<property>
					<name>mapred.job.queue.name</name>
					<value>${queueName}</value>
				</property>
			</configuration>
	        <script>${nameNode}/user/maria_dev/FinalCaseFolderForFiles/customer.hql</script>   
	    </hive> 
	    <ok to = "end"/>
	    <error to = "kill_insert_customer" />  
	</action>
    <kill name = "kill_insert_customer">
        <message> Insert into customer table failed </message>
    </kill>

<end name="end"/>
</workflow-app>